{
    "areas": [
        -0.0010157147984646286,
        -0.0008936370791587933,
        -0.0009270709807394084,
        -0.0009654889872576788,
        -0.0008745610004865512,
        -0.0009373608158815827,
        -0.0008912527353244215,
        -0.0009160735173541212,
        -0.0009894893602835353,
        -0.0009071715333881514
    ],
    "temps": [
        1.468428046254877,
        1.4690486643920713,
        1.4697076845858332,
        1.470345130805381,
        1.4704445897450755,
        1.4701062729197492,
        1.470006683534963,
        1.4702456335410783,
        1.4704843625978126,
        1.4737447334596843
    ],
    "times": [
        1660668907.472222,
        1660668986.685388,
        1660669065.902308,
        1660669145.115157,
        1660669224.330033,
        1660669303.542942,
        1660669382.757549,
        1660669461.974685,
        1660669541.185664,
        1660669620.401631
    ],
    "field": 5.0,
    "species": "Proton",
    "num": 10,
    "te_pol": 0.003474318848127062,
    "te_pol_std": 3.1174987596760895e-06,
    "cc": -3.7365151753923698,
    "cc_std": 0.1686143419622099,
    "temp": 1.4702561801836525,
    "temp_std": 0.0013210347844102425,
    "area": -0.0009317820808338872,
    "area_std": 4.334589084142565e-05
}