{
    "areas": [
        0.2282030866236715,
        0.22800607260926986,
        0.22812975438205285,
        0.22829533715939698,
        0.22794539344850606,
        0.2284094840394495,
        0.22851058526129187,
        0.2279116548010649,
        0.22819065832227192,
        0.22814142616319555
    ],
    "temps": [
        1.0820504679889444,
        1.0786223235521324,
        1.0827850206825664,
        1.0748005161522134,
        1.0787730895679122,
        1.0814601155925965,
        1.0798240320355093,
        1.081164028338966,
        1.0823447387034202,
        1.0817555945441213
    ],
    "times": [
        1663925887.229593,
        1663925983.689036,
        1663926080.144451,
        1663926176.590559,
        1663926273.042528,
        1663926369.489462,
        1663926465.941377,
        1663926562.386699,
        1663926658.839185,
        1663926755.29176
    ],
    "field": 5.0,
    "species": "Deuteron",
    "num": 10,
    "te_pol": 0.0009677489019059111,
    "te_pol_std": 2.071786494698613e-06,
    "cc": 0.004241271903698579,
    "cc_std": 9.527459075746746e-06,
    "temp": 1.0803579927158382,
    "temp_std": 0.0023068350883775125,
    "area": 0.22817434528101713,
    "area_std": 0.0001835461013729186
}