{
    "areas": [
        0.09278641417924449,
        0.09276059803945724,
        0.09272528688804593,
        0.0927917559474869,
        0.09264730495443807,
        0.09281022836352948,
        0.09282314359843902,
        0.09296624955975297,
        0.09276937296250853,
        0.09283394989644123,
        0.09294924791677595,
        0.09274417017138159,
        0.0927946917462581,
        0.09265472412122877,
        0.09267998330725957,
        0.0927586976135708,
        0.09275872237814342,
        0.09286835020270301
    ],
    "temps": [
        1.0757271329051326,
        1.075110059035182,
        1.0710323982382592,
        1.0650188878207945,
        1.0721418145888193,
        1.0724572009668256,
        1.0707138178973112,
        1.0733991728349273,
        1.0741794021958742,
        1.071191419705843,
        1.0713502626316913,
        1.072771887179172,
        1.0708731977841994,
        1.0748005161522134,
        1.0730858766640168,
        1.0726146313782428,
        1.0735555619877248,
        1.0735555619877248
    ],
    "times": [
        1677471995.793316,
        1677472092.261109,
        1677472188.713986,
        1677472285.159755,
        1677472381.617001,
        1677472478.064019,
        1677472574.512542,
        1677472670.959469,
        1677472767.407252,
        1677472863.877448,
        1677472960.326524,
        1677473056.773313,
        1677473153.223993,
        1677473249.669702,
        1677473346.116101,
        1677473442.571961,
        1677473539.020852,
        1677473635.467727
    ],
    "field": 5.0,
    "species": "Deuteron",
    "num": 18,
    "te_pol": 0.0009749112413047004,
    "te_pol_std": 2.1044481736364693e-06,
    "cc": 0.010507257801615266,
    "cc_std": 2.3313847459746833e-05,
    "temp": 1.0724210445529974,
    "temp_std": 0.002307196852166593,
    "area": 0.09278460510259251,
    "area_std": 8.36053079527264e-05
}