{
    "areas": [
        -0.028111398228210405,
        -0.02787349899210234,
        -0.0281726856008353,
        -0.02815084092585085,
        -0.0279414284827606,
        -0.02770200900711295,
        -0.028649747028230976,
        -0.028071506707417093,
        -0.028071166459685326,
        -0.02775465810234845,
        -0.028249651737544568,
        -0.027932349297856263
    ],
    "temps": [
        1.084966501143123,
        1.0855427118079535,
        1.0832239619459567,
        1.0848220892957194,
        1.0851107689958999,
        1.08668830325358,
        1.0865455982796066,
        1.0865455982796066,
        1.0859733702205798,
        1.0845328323208618,
        1.0848220892957194,
        1.0842429954680641
    ],
    "times": [
        1658685140.943536,
        1658685237.392876,
        1658685333.853453,
        1658685430.316854,
        1658685526.768563,
        1658685623.226872,
        1658685719.677762,
        1658685816.145698,
        1658685912.596548,
        1658686009.063113,
        1658686105.519402,
        1658686201.97826
    ],
    "field": 5.0,
    "species": "Deuteron",
    "num": 12,
    "te_pol": 0.0009633817392933117,
    "te_pol_std": 8.927962628956176e-07,
    "cc": -0.0343394278025737,
    "cc_std": 0.0002960752745879546,
    "temp": 1.0852514016922228,
    "temp_std": 0.0010055668788856592,
    "area": -0.02805674504749626,
    "area_std": 0.0002404889031694639
}