{
    "areas": [
        -0.3002690418755689,
        -0.30041979126039475,
        -0.3004114931923212,
        -0.3003000530076796,
        -0.3003099560997007
    ],
    "temps": [
        1.0936510159562176,
        1.0968791943432867,
        1.0974104239908355,
        1.0899324412583016,
        1.0925590216315815
    ],
    "times": [
        1663805215.526932,
        1663805311.985318,
        1663805408.43572,
        1663805504.890193,
        1663805601.341393
    ],
    "field": 5.0,
    "species": "Deuteron",
    "num": 5,
    "te_pol": 0.0009556075486190227,
    "te_pol_std": 2.428631197648783e-06,
    "cc": -0.003181732105601861,
    "cc_std": 8.629277775279666e-06,
    "temp": 1.0940864194360447,
    "temp_std": 0.002779447891480672,
    "area": -0.300342067087133,
    "area_std": 6.162793376546145e-05
}