{
    "areas": [
        0.21701820174905073,
        0.21625072054289518,
        0.2167086957991069,
        0.21622701997046967,
        0.2164357185405814,
        0.2166693694146442,
        0.21658258108961714,
        0.21611989185543168,
        0.21690603025601662,
        0.21655695294219557,
        0.21645783199661528,
        0.21688276469935808
    ],
    "temps": [
        1.081903106780904,
        1.0807187507298008,
        1.0820504679889444,
        1.0814601155925965,
        1.0814601155925965,
        1.0821976785146934,
        1.081903106780904,
        1.0826384094450157,
        1.0817555945441213,
        1.0813121481790062,
        1.0790741462137303,
        1.0810157557200484
    ],
    "times": [
        1663033199.339371,
        1663033295.801916,
        1663033392.264715,
        1663033488.717907,
        1663033585.16881,
        1663033681.620511,
        1663033778.075626,
        1663033874.526161,
        1663033970.977143,
        1663034067.431141,
        1663034163.882528,
        1663034260.342804
    ],
    "field": 5.0,
    "species": "Deuteron",
    "num": 12,
    "te_pol": 0.000966761263468491,
    "te_pol_std": 7.845958001931247e-07,
    "cc": 0.0044640158409434165,
    "cc_std": 6.997154184064012e-06,
    "temp": 1.08145744967353,
    "temp_std": 0.0008766611906452223,
    "area": 0.21656798157133186,
    "area_std": 0.00027291612106304365
}