{
    "areas": [
        -0.0016651883556333402,
        -0.0015729561993357288,
        -0.00144351472523907,
        -0.001536718501494505,
        -0.001570869676995379,
        -0.0015235895583606274,
        -0.0015627676981520289,
        -0.0015498937477396169,
        -0.001450659045363345,
        -0.0015514995287162492,
        -0.0015537643119230005
    ],
    "temps": [
        1.5183614381451442,
        1.5175460733574486,
        1.5159583363498943,
        1.5158242118549756,
        1.5188926196159422,
        1.5180289281765276,
        1.5173793748085165,
        1.5172793071105959,
        1.517162515373525,
        1.516995583838995,
        1.516577810455972
    ],
    "times": [
        1666125696.689346,
        1666125775.901675,
        1666125855.113407,
        1666125934.329381,
        1666126013.542016,
        1666126092.756743,
        1666126171.973959,
        1666126251.186984,
        1666126330.408883,
        1666126409.626796,
        1666126568.074113
    ],
    "field": 5.0,
    "species": "Proton",
    "num": 11,
    "te_pol": 0.0033666562993074534,
    "te_pol_std": 1.9918879571918875e-06,
    "cc": -2.1838471874957426,
    "cc_std": 0.08206919154970353,
    "temp": 1.5172732908261395,
    "temp_std": 0.0008977243399128496,
    "area": -0.0015437655771775355,
    "area_std": 5.725892717024658e-05
}