{
    "areas": [
        0.22318089460295765,
        0.2230547287778486,
        0.22344336878725501,
        0.22287340193168026,
        0.22335594901210865,
        0.22300159127166097
    ],
    "temps": [
        1.078923696997629,
        1.0790741462137303,
        1.0775624894724969,
        1.0817555945441213,
        1.080867329968612,
        1.07922443758737
    ],
    "times": [
        1662796550.452797,
        1662796646.905238,
        1662796743.356355,
        1662796839.809866,
        1662796936.264417,
        1662797032.714473
    ],
    "field": 5.0,
    "species": "Deuteron",
    "num": 6,
    "te_pol": 0.0009684542478679469,
    "te_pol_std": 1.2292048317879508e-06,
    "cc": 0.0043398936238611945,
    "cc_std": 4.813613993995443e-06,
    "temp": 1.0795679491306598,
    "temp_std": 0.0013707026038770195,
    "area": 0.22315165573058518,
    "area_std": 0.000198757187110694
}