{
    "areas": [
        -0.2632437320077865,
        -0.2631951969650119,
        -0.26327273313398436,
        -0.2630888279176711,
        -0.2636736900998571,
        -0.2628696729142903,
        -0.26303686331496,
        -0.26360433695357566,
        -0.26315941504207707,
        -0.26332546053980765,
        -0.26311210672042096
    ],
    "temps": [
        1.09296947216612,
        1.0900718651443742,
        1.091458834510697,
        1.0935149599957024,
        1.094734954408844,
        1.0921474190207794,
        1.0931060342539047,
        1.0913207281079378,
        1.0921474190207794,
        1.092695966124072,
        1.089792884058031
    ],
    "times": [
        1662628898.447453,
        1662628994.89863,
        1662629091.347845,
        1662629187.800514,
        1662629284.250199,
        1662629380.700208,
        1662629477.152865,
        1662629573.627617,
        1662629670.090209,
        1662629766.542605,
        1662629862.993358
    ],
    "field": 5.0,
    "species": "Deuteron",
    "num": 11,
    "te_pol": 0.0009572725134411182,
    "te_pol_std": 1.2244035947293136e-06,
    "cc": -0.0036365773712457652,
    "cc_std": 6.184702604196486e-06,
    "temp": 1.092178230619204,
    "temp_std": 0.0013967497512259873,
    "area": -0.26323473050994933,
    "area_std": 0.00022462687557294
}