{
    "areas": [
        -0.29049613686600306,
        -0.2902863288319941,
        -0.2904134491712793,
        -0.290396695725601,
        -0.29016519883707037,
        -0.290513490479011,
        -0.2903884745221741,
        -0.2903833110960492,
        -0.29035950934416777
    ],
    "temps": [
        1.09296947216612,
        1.091458834510697,
        1.0846775331299192,
        1.0931060342539047,
        1.09296947216612,
        1.090628233282266,
        1.0979397529473354,
        1.0872577243182222,
        1.0876833299674415
    ],
    "times": [
        1666343060.98098,
        1666343157.429387,
        1666343253.883246,
        1666343350.339113,
        1666343446.789733,
        1666343543.240999,
        1666343639.693455,
        1666343736.149397,
        1666343832.611505
    ],
    "field": 5.0,
    "species": "Deuteron",
    "num": 9,
    "te_pol": 0.0009583462152914671,
    "te_pol_std": 3.2818634625547275e-06,
    "cc": -0.0033003395242485255,
    "cc_std": 1.1238524020320397e-05,
    "temp": 1.0909655985268918,
    "temp_std": 0.0037367513464971183,
    "area": -0.29037806609703887,
    "area_std": 9.893201329381739e-05
}