{
    "areas": [
        0.029573774168864198,
        0.029826324995572584,
        0.029880687526797622,
        0.029717141470523956,
        0.029746892659837876,
        0.030037517710525208,
        0.030074355585709256,
        0.029608486463457595,
        0.029891260565393374,
        0.029791798142616344,
        0.029655042332209725,
        0.029857374434811845,
        0.0297238600930676
    ],
    "temps": [
        1.080570017647537,
        1.0786223235521324,
        1.0796743683458099,
        1.078320314266105,
        1.080272088522198,
        1.0775624894724969,
        1.078923696997629,
        1.0781690702444533,
        1.07952454828546,
        1.0786223235521324,
        1.07922443758737,
        1.078320314266105,
        1.0786223235521324
    ],
    "times": [
        1660188284.987945,
        1660188381.442746,
        1660188477.892556,
        1660188574.345752,
        1660188670.798208,
        1660188767.249086,
        1660188863.696681,
        1660188960.16786,
        1660189056.644778,
        1660189153.092446,
        1660189249.553627,
        1660189346.005165,
        1660189442.46815
    ],
    "field": 5.0,
    "species": "Deuteron",
    "num": 13,
    "te_pol": 0.0009690025131951945,
    "te_pol_std": 7.450503111969832e-07,
    "cc": 0.0325188955201929,
    "cc_std": 0.00015204010378084803,
    "temp": 1.0789560243301202,
    "temp_std": 0.0008298696405103235,
    "area": 0.029798808934568245,
    "area_std": 0.0001454197571657263
}