{
    "areas": [
        -0.10629105074101153,
        -0.10637522243384323,
        -0.10629008588660938,
        -0.10625195790909947,
        -0.10634966458602291,
        -0.10640925078063601,
        -0.10629957141472124,
        -0.10647766399693159,
        -0.10629478393999037,
        -0.10638421831138833,
        -0.10627025289641923,
        -0.1063796510087851,
        -0.10633065340061298,
        -0.10624027081797616
    ],
    "temps": [
        1.0755731149143481,
        1.0763415457051593,
        1.0771058582876163,
        1.0758809845808153,
        1.0775624894724969,
        1.0754189302075527,
        1.0761881905834445,
        1.076494736101321,
        1.076494736101321,
        1.0729289687986103,
        1.0766477621658246,
        1.0766477621658246,
        1.0757271329051326,
        1.0763415457051593
    ],
    "times": [
        1677944858.754311,
        1677944955.203845,
        1677945051.656859,
        1677945148.101797,
        1677945244.559516,
        1677945341.015969,
        1677945437.464568,
        1677945533.911635,
        1677945630.358549,
        1677945726.806013,
        1677945823.253869,
        1677945919.699815,
        1677946016.161514,
        1677946112.60719
    ],
    "field": 5.0,
    "species": "Deuteron",
    "num": 14,
    "te_pol": 0.0009715776118522333,
    "te_pol_std": 9.414558208433491e-07,
    "cc": -0.009137233222452289,
    "cc_std": 9.546095536635789e-06,
    "temp": 1.0760966969781876,
    "temp_std": 0.0010409665929549817,
    "area": -0.1063317355802891,
    "area_std": 6.48449092566458e-05
}