{
    "areas": [
        0.10470321431183915,
        0.10444109016190639,
        0.10442250786476981,
        0.10481796709829183,
        0.10448199572089356,
        0.10461149536399184,
        0.10445614993099328,
        0.1047241881059433,
        0.10472662516674758,
        0.10457601229503899,
        0.10447730984253756,
        0.10421512436389602,
        0.10480414184874753,
        0.10460325087826483
    ],
    "temps": [
        1.0658467031260725,
        1.0694322651202945,
        1.0716674146291227,
        1.0700744950375833,
        1.06435309911016,
        1.0663410589561904,
        1.0694322651202945,
        1.0689486672824817,
        1.068138966257817,
        1.0760346703408907,
        1.0777143761289254,
        1.0686253449110152,
        1.0695930967343568,
        1.0716674146291227
    ],
    "times": [
        1675793679.070187,
        1675793775.525757,
        1675793871.976392,
        1675793968.423667,
        1675794064.87336,
        1675794161.339144,
        1675794257.788441,
        1675794354.239651,
        1675794450.687426,
        1675794547.144193,
        1675794643.593332,
        1675794740.044098,
        1675794836.491338,
        1675794932.94593
    ],
    "field": 5.0,
    "species": "Deuteron",
    "num": 14,
    "te_pol": 0.0009772619596553542,
    "te_pol_std": 3.184272482980128e-06,
    "cc": 0.00934502878383874,
    "cc_std": 3.220217685880807e-05,
    "temp": 1.069847845527452,
    "temp_std": 0.0034945332602683747,
    "area": 0.10457579092527583,
    "area_std": 0.0001643954620921241
}