{
    "areas": [
        0.19796555632455526,
        0.1987228787013029,
        0.1984246365184532,
        0.19758487860825813,
        0.1985018416104296,
        0.1986119146078411,
        0.1985427962767039,
        0.19836062189612935,
        0.19801244076128288
    ],
    "temps": [
        1.0665054583407512,
        1.0665054583407512,
        1.071825724582187,
        1.0689486672824817,
        1.0716674146291227,
        1.0628433998620823,
        1.0814601155925965,
        1.0726146313782428,
        1.0816079309309607
    ],
    "times": [
        1666682432.320314,
        1666682528.766692,
        1666682625.220354,
        1666682721.669718,
        1666682818.120849,
        1666682914.566209,
        1666683011.014014,
        1666683107.462228,
        1666683203.915642
    ],
    "field": 5.0,
    "species": "Deuteron",
    "num": 9,
    "te_pol": 0.0009757277343174029,
    "te_pol_std": 5.531573134320339e-06,
    "cc": 0.00492039764152625,
    "cc_std": 2.848363375508846e-05,
    "temp": 1.071553200104353,
    "temp_std": 0.006092455650584913,
    "area": 0.19830306281166182,
    "area_std": 0.00034974173450812304
}