{
    "areas": [
        0.08962137259346159,
        0.08986008139317181,
        0.08955265113788435,
        0.08972635367762916,
        0.08963919364980755,
        0.08963083886774514,
        0.08971188732827495,
        0.0895851152530267,
        0.08982828100608731,
        0.08960958028325217,
        0.08968362221709625
    ],
    "temps": [
        1.0594289324058894,
        1.0700744950375833,
        1.0721418145888193,
        1.0628433998620823,
        1.065350600300681,
        1.0640190146537145,
        1.0665054583407512,
        1.054503382050613,
        1.0691100508580742,
        1.066669665604903,
        1.0669975057408072
    ],
    "times": [
        1679155279.110795,
        1679155375.560358,
        1679155472.012268,
        1679155568.462027,
        1679155664.913344,
        1679155761.362412,
        1679155857.82022,
        1679155954.270668,
        1679156050.720602,
        1679156147.173934,
        1679156243.635351
    ],
    "field": 5.0,
    "species": "Deuteron",
    "num": 11,
    "te_pol": 0.0009814980833302552,
    "te_pol_std": 4.399600650549835e-06,
    "cc": 0.01094482280691384,
    "cc_std": 5.434507223735573e-05,
    "temp": 1.06524039267672,
    "temp_std": 0.00475785508640594,
    "area": 0.08967717976431246,
    "area_std": 9.303303022263454e-05
}