{
    "areas": [
        -0.0009161122463918758,
        -0.0010039908065557768,
        -0.0009028400772779221,
        -0.0009630035351362309,
        -0.0008986421059553606,
        -0.0008506292541365923,
        -0.00093883266423056,
        -0.0009109598532583973,
        -0.0010337537678370978,
        -0.0009542213701436708
    ],
    "temps": [
        1.4888694781321568,
        1.49371800526472,
        1.4902006134247803,
        1.4887953295988616,
        1.4904402462494575,
        1.4859059340465317,
        1.4931349953498236,
        1.489646786411742,
        1.492093334205747,
        1.4905323550910234
    ],
    "times": [
        1660240983.814566,
        1660241181.828809,
        1660241379.834265,
        1660241577.839799,
        1660241775.845264,
        1660241973.852429,
        1660242171.85717,
        1660242369.863411,
        1660242567.86834,
        1660242765.871777
    ],
    "field": 5.0,
    "species": "Proton",
    "num": 10,
    "te_pol": 0.0034275182726126127,
    "te_pol_std": 4.990693705791348e-06,
    "cc": -3.6677373827678608,
    "cc_std": 0.20136116100114942,
    "temp": 1.4903337077774843,
    "temp_std": 0.002169172862405109,
    "area": -0.0009372985680923485,
    "area_std": 5.102627558624743e-05
}