{
    "areas": [
        -0.044654593210492255,
        -0.04496065580694708,
        -0.04408891376578605,
        -0.04444023511677786,
        -0.04477580693066274,
        -0.04426969225426802,
        -0.044352765903653335,
        -0.04475881157521444,
        -0.04434214382061086,
        -0.04484096855958697,
        -0.04495877061363984,
        -0.04478866296648354,
        -0.0441661459443754
    ],
    "temps": [
        1.0840978587691181,
        1.0872577243182222,
        1.086830868034912,
        1.0836615716276055,
        1.084966501143123,
        1.084966501143123,
        1.083515849127237,
        1.089792884058031,
        1.088248872954612,
        1.0836615716276055,
        1.0839525761164945,
        1.0848220892957194,
        1.0845328323208618
    ],
    "times": [
        1659787386.282816,
        1659787482.731279,
        1659787579.178876,
        1659787675.629343,
        1659787772.076784,
        1659787868.526709,
        1659787964.976395,
        1659788061.424554,
        1659788157.875502,
        1659788254.322324,
        1659788350.778072,
        1659788447.226325,
        1659788543.682072
    ],
    "field": 5.0,
    "species": "Deuteron",
    "num": 13,
    "te_pol": 0.0009632446651136121,
    "te_pol_std": 1.697931868403959e-06,
    "cc": -0.021613322334466754,
    "cc_std": 0.00014675211532248864,
    "temp": 1.0854082846566666,
    "temp_std": 0.0019166846348542628,
    "area": -0.04456908972834603,
    "area_std": 0.00029231415753820336
}