{
    "areas": [
        0.08294073573824345,
        0.08330168578100272,
        0.08319407042460725,
        0.08344647331179411,
        0.08281849577891798,
        0.08307860843774861,
        0.08315974087948863,
        0.08300016349966555,
        0.08344309901088787,
        0.08348865693587193,
        0.08342228894837556,
        0.08310542105664886,
        0.08302905679638295,
        0.08331656777857122,
        0.08327718933651962,
        0.0828712086428034,
        0.08278334212906202,
        0.08310792919112453,
        0.08296534564440305,
        0.08320449764445703,
        0.0831534244732337,
        0.08335074963409594,
        0.08295934813987893,
        0.0831042899874701,
        0.0834548805870301,
        0.08324146399129484
    ],
    "temps": [
        1.0679764661236688,
        1.0713502626316913,
        1.0702345971518115,
        1.0774104412032461,
        1.0699142112343267,
        1.0755731149143481,
        1.0735555619877248,
        1.0700744950375833,
        1.067324583283465,
        1.080570017647537,
        1.0748005161522134,
        1.0772582309368457,
        1.067324583283465,
        1.0699142112343267,
        1.0810157557200484,
        1.0820504679889444,
        1.0686253449110152,
        1.074023698767535,
        1.0758809845808153,
        1.0755731149143481,
        1.0763415457051593,
        1.0732426112013207,
        1.076800624291183,
        1.0719838577564917,
        1.0689486672824817,
        1.0760346703408907
    ],
    "times": [
        1676262381.279341,
        1676262477.735039,
        1676262574.183049,
        1676262670.651876,
        1676262767.105683,
        1676262863.555638,
        1676262960.010082,
        1676263056.458613,
        1676263152.905097,
        1676263249.352611,
        1676263345.803275,
        1676263442.249565,
        1676263538.699772,
        1676263635.148181,
        1676263731.598294,
        1676263828.051013,
        1676263924.501984,
        1676264020.949411,
        1676264117.396624,
        1676264213.843318,
        1676264310.289676,
        1676264406.737405,
        1676264503.186795,
        1676264599.63564,
        1676264696.091706,
        1676264792.544275
    ],
    "field": 5.0,
    "species": "Deuteron",
    "num": 26,
    "te_pol": 0.000973843894861067,
    "te_pol_std": 3.7981955474579034e-06,
    "cc": 0.011710248133816568,
    "cc_std": 5.6521478816495936e-05,
    "temp": 1.0736077937031725,
    "temp_std": 0.004191012799507144,
    "area": 0.08316225899152231,
    "area_std": 0.0002015907569737116
}