{
    "areas": [
        -0.0008057970674544279,
        -0.0009455206650637038,
        -0.0007693256772087764,
        -0.0009003870823012239,
        -0.001075054120863339,
        -0.0008899468558754009,
        -0.0008403001963657175,
        -0.0007669038172570808,
        -0.0008903018997745704
    ],
    "temps": [
        1.4732336948476228,
        1.473508994630759,
        1.4730959352389648,
        1.4721888308881124,
        1.4727019323323527,
        1.4718132279247007,
        1.4718132279247007,
        1.472090040843375,
        1.4711397321334279
    ],
    "times": [
        1656698498.285013,
        1656698518.100761,
        1656698537.919983,
        1656698557.741144,
        1656698577.64242,
        1656698597.465955,
        1656698617.278396,
        1656698637.09331,
        1656698656.907911
    ],
    "field": 5.0,
    "species": "Proton",
    "num": 9,
    "te_pol": 0.003469262110665271,
    "te_pol_std": 1.7417468309196745e-06,
    "cc": -4.001276696541752,
    "cc_std": 0.39336356769604597,
    "temp": 1.4723984018626686,
    "temp_std": 0.0007392133430267326,
    "area": -0.0008759485980182489,
    "area_std": 9.124676370687694e-05
}