{
    "areas": [
        -0.002117047242448322,
        -0.002056218240425345,
        -0.0021120533421310483,
        -0.0019858632697600243,
        -0.002015351850713998,
        -0.0019794199062657114,
        -0.0019731369545894495,
        -0.001988237575671903,
        -0.0018906236160822765
    ],
    "temps": [
        0.942268218545701,
        0.9416767108857662,
        0.9416767108857662,
        0.9413836267376975,
        0.942268218545701,
        0.941971598412196,
        0.9446957366149978,
        0.9413836267376975,
        0.9416767108857662
    ],
    "times": [
        1665788234.551228,
        1665788313.765364,
        1665788392.985348,
        1665788472.199349,
        1665788551.40836,
        1665788630.620989,
        1665788709.830197,
        1665788789.039739,
        1665788868.251982
    ],
    "field": 5.0,
    "species": "Proton",
    "num": 9,
    "te_pol": 0.005421982314201403,
    "te_pol_std": 5.539767263218182e-06,
    "cc": -2.6964037278475974,
    "cc_std": 0.09084185552165622,
    "temp": 0.9421112398056989,
    "temp_std": 0.000964577963320261,
    "area": -0.002013105777565342,
    "area_std": 6.794841529322206e-05
}