{
    "areas": [
        -0.11484486813951666,
        -0.11487545966282187,
        -0.11481142215439699,
        -0.11482828823914137,
        -0.11451019693033415,
        -0.11455027791608718,
        -0.11469877009665841,
        -0.11463081344061643,
        -0.11496274801008055,
        -0.11413173224366502,
        -0.11454618862952892,
        -0.11472047690043241,
        -0.1146941207567076,
        -0.1146922490375919,
        -0.1149916918573084,
        -0.11466051424515622,
        -0.11460001224745242,
        -0.1147356985695629,
        -0.11480355462683689,
        -0.11498397374836755,
        -0.11467059211204478,
        -0.1146010117322318,
        -0.11497780726158813,
        -0.1147087486075884,
        -0.11498055299727006,
        -0.11498311006941342,
        -0.11422745517041899,
        -0.11450871482883884,
        -0.11469095816433383,
        -0.11488215438256089,
        -0.11505799607793743,
        -0.1149824132973516,
        -0.11472203417890348,
        -0.11480928977508342,
        -0.11443371448876749,
        -0.11472253031064361,
        -0.11511418915989924,
        -0.1150704684648376,
        -0.11480463773238747,
        -0.11434544577676475,
        -0.11462263974292575,
        -0.11453518910302729,
        -0.1147496618681989,
        -0.11459538297170391,
        -0.11494716511995517,
        -0.11489825498836104,
        -0.11459250172333646,
        -0.11440177723759226,
        -0.11466490850023603,
        -0.11474985587273134
    ],
    "temps": [
        1.0821976785146934,
        1.0848220892957194,
        1.0869732929336324,
        1.086830868034912,
        1.084387986542594,
        1.0827850206825664,
        1.0830777965941698,
        1.0858299595967555,
        1.08668830325358,
        1.0875415998671274,
        1.084387986542594,
        1.0830777965941698,
        1.0830777965941698,
        1.085398874007245,
        1.086116639086076,
        1.0864027528019342,
        1.0846775331299192,
        1.0817555945441213,
        1.084387986542594,
        1.08668830325358,
        1.08668830325358,
        1.0842429954680641,
        1.081903106780904,
        1.0845328323208618,
        1.084966501143123,
        1.0875415998671274,
        1.0876833299674415,
        1.0862597665084683,
        1.081903106780904,
        1.085686406898325,
        1.0875415998671274,
        1.086830868034912,
        1.0859733702205798,
        1.0855427118079535,
        1.0883899158550976,
        1.0858299595967555,
        1.0836615716276055,
        1.0840978587691181,
        1.0830777965941698,
        1.086830868034912,
        1.0899324412583016,
        1.0904893397875182,
        1.0823447387034202,
        1.08249164889922,
        1.0851107689958999,
        1.0872577243182222,
        1.0869732929336324,
        1.0830777965941698,
        1.085686406898325,
        1.0865455982796066
    ],
    "times": [
        1675549967.572966,
        1675550039.91629,
        1675550112.259466,
        1675550184.598796,
        1675550256.93803,
        1675550329.289639,
        1675550401.637527,
        1675550473.979978,
        1675550546.322893,
        1675550618.674103,
        1675550691.019902,
        1675550763.359105,
        1675550835.699197,
        1675550908.038236,
        1675550980.379475,
        1675551052.718312,
        1675551125.058519,
        1675551197.398307,
        1675551269.737199,
        1675551342.076744,
        1675551414.419515,
        1675551486.773255,
        1675551559.119095,
        1675551631.460426,
        1675551703.803146,
        1675551776.141759,
        1675551848.481985,
        1675551920.821826,
        1675551993.160724,
        1675552065.501194,
        1675552137.841437,
        1675552210.184076,
        1675552282.522718,
        1675552354.865106,
        1675552427.216508,
        1675552499.555218,
        1675552571.900711,
        1675552644.251621,
        1675552716.592486,
        1675552788.930773,
        1675552861.273452,
        1675552933.612454,
        1675553005.95127,
        1675553078.291804,
        1675553150.636064,
        1675553222.988631,
        1675553295.361128,
        1675553367.704181,
        1675553440.042846,
        1675553512.390975
    ],
    "field": 5.0,
    "species": "Deuteron",
    "num": 50,
    "te_pol": 0.0009633198808418764,
    "te_pol_std": 1.8126483759884966e-06,
    "cc": -0.00839668950178248,
    "cc_std": 2.0422436358991514e-05,
    "temp": 1.08532400168955,
    "temp_std": 0.0020427459601082857,
    "area": -0.11472648438338394,
    "area_std": 0.00021177982673591366
}