{
    "areas": [
        0.21702815399360098,
        0.21718644155340883,
        0.21709683155194437,
        0.21685575448289907,
        0.21687637334282028,
        0.21670601030226466,
        0.2169500381192928,
        0.21672498859748934,
        0.2174600855002713,
        0.21710684479705034,
        0.2168354207695553,
        0.21702032635688484,
        0.21662916481123773,
        0.21672107802689,
        0.21721127625958303,
        0.21685772071166154,
        0.21744171551418834,
        0.21669101961829185,
        0.21703626342342597,
        0.21710571456109662,
        0.2166504015085895,
        0.2177064242579605,
        0.2171892267624136,
        0.21718108380639167,
        0.2169250959593425,
        0.21669991098994612,
        0.21688811616767856,
        0.21715776823826172,
        0.2171631336610873,
        0.21719189673666728,
        0.21756086168698374,
        0.21675274854930704,
        0.2171477038590126,
        0.21719520820180138,
        0.21683594176248988,
        0.2168330957896436,
        0.2174015181335216,
        0.21785116104650237,
        0.21729668020941162,
        0.21744532794024707,
        0.2171296091612951,
        0.21739170534785401,
        0.2173087641643483,
        0.21735149219068894,
        0.21732844062653367,
        0.21728978428501344,
        0.21694943540286138,
        0.21688374812360323,
        0.2167954511179273,
        0.2172295073786792,
        0.2171317088753839,
        0.21721316560990855,
        0.21727181286713249,
        0.21681169486158236,
        0.21662306418310262,
        0.21718309497700128,
        0.21721049902957645,
        0.21724850734157286,
        0.21682937490947252,
        0.2172927444157522,
        0.21673610214904881,
        0.2170025819061765,
        0.2170100874342329,
        0.21626954015254185,
        0.21711785480258206,
        0.21694886088512488,
        0.2171319696907159,
        0.21704026020107614,
        0.21684585967965386
    ],
    "temps": [
        1.080867329968612,
        1.0814601155925965,
        1.0816079309309607,
        1.0821976785146934,
        1.0823447387034202,
        1.0801228917608112,
        1.0807187507298008,
        1.080867329968612,
        1.0784713985765455,
        1.0826384094450157,
        1.083515849127237,
        1.0830777965941698,
        1.080570017647537,
        1.0798240320355093,
        1.0771058582876163,
        1.0833699793449776,
        1.0829314829524703,
        1.0821976785146934,
        1.0840978587691181,
        1.0820504679889444,
        1.0781690702444533,
        1.0784713985765455,
        1.0820504679889444,
        1.0830777965941698,
        1.0799735397193369,
        1.08249164889922,
        1.076800624291183,
        1.081164028338966,
        1.0820504679889444,
        1.0839525761164945,
        1.0801228917608112,
        1.080867329968612,
        1.080867329968612,
        1.0817555945441213,
        1.080867329968612,
        1.0793745714884175,
        1.0737117790810924,
        1.0801228917608112,
        1.0817555945441213,
        1.0796743683458099,
        1.0722995955143815,
        1.080867329968612,
        1.083807147179821,
        1.0840978587691181,
        1.0830777965941698,
        1.0813121481790062,
        1.0813121481790062,
        1.0817555945441213,
        1.0817555945441213,
        1.076494736101321,
        1.08249164889922,
        1.0814601155925965,
        1.0817555945441213,
        1.0821976785146934,
        1.0817555945441213,
        1.080570017647537,
        1.0832239619459567,
        1.080570017647537,
        1.081164028338966,
        1.080867329968612,
        1.0816079309309607,
        1.0810157557200484,
        1.0832239619459567,
        1.0827850206825664,
        1.0807187507298008,
        1.0801228917608112,
        1.0807187507298008,
        1.0804211303645155,
        1.0766477621658246
    ],
    "times": [
        1663037539.867823,
        1663037636.339868,
        1663037732.803657,
        1663037829.255421,
        1663037925.711643,
        1663038022.166164,
        1663038118.618899,
        1663038215.071255,
        1663038311.524204,
        1663038407.975754,
        1663038504.428418,
        1663038600.880574,
        1663038697.33209,
        1663038793.79512,
        1663038890.277759,
        1663038986.733113,
        1663039083.183542,
        1663039179.638506,
        1663039276.08885,
        1663039372.539989,
        1663039468.991557,
        1663039565.444358,
        1663039661.905923,
        1663039758.366025,
        1663039854.81661,
        1663039951.268531,
        1663040047.738072,
        1663040144.207014,
        1663040240.658964,
        1663040337.111253,
        1663040433.561244,
        1663040530.016634,
        1663040626.471365,
        1663040722.940616,
        1663040819.411205,
        1663040915.864005,
        1663041012.316065,
        1663041108.768962,
        1663041205.219062,
        1663041301.672782,
        1663041398.124751,
        1663041494.58094,
        1663041591.031541,
        1663041687.480924,
        1663041783.934117,
        1663041880.392432,
        1663041976.845026,
        1663042073.297677,
        1663042169.749891,
        1663042266.24332,
        1663042362.729648,
        1663042459.180667,
        1663042555.632355,
        1663042652.107635,
        1663042748.563459,
        1663042845.028964,
        1663042941.478613,
        1663043037.944589,
        1663043134.396996,
        1663043230.852038,
        1663043327.304725,
        1663043423.764241,
        1663043520.21608,
        1663043616.666607,
        1663043713.133802,
        1663043809.58887,
        1663043906.039265,
        1663044002.491445,
        1663044098.948702
    ],
    "species": "Deuteron",
    "field": 5.0,
    "num": 69,
    "te_pol": 0.0014507900956676847,
    "te_pol_std": 2.9522458121791467e-06,
    "cc": 0.006683806562502421,
    "cc_std": 1.5179438838176165e-05,
    "temp": 1.0809776346071005,
    "temp_std": 0.0021924642762614025,
    "area": 0.21706074274393566,
    "area_std": 0.0002770553514899978
}