{
    "areas": [
        -0.2905554051651542,
        -0.29074809400448043,
        -0.29055596439219844,
        -0.2904941518575561,
        -0.2907241782900605,
        -0.2907071679788866,
        -0.29053875767959036,
        -0.29034183409198233,
        -0.29036094579755645,
        -0.2905564804734295,
        -0.2905633614582306,
        -0.2905635050418569,
        -0.29074948642484566,
        -0.2908826762091903,
        -0.29050867137582426,
        -0.2903062075186571,
        -0.29069778969037907,
        -0.290855401920147,
        -0.29127257631305303,
        -0.2909083153747849,
        -0.29075174501317047,
        -0.29087726163222216,
        -0.2905582002520588,
        -0.2903419285355331,
        -0.2908375280776365,
        -0.29074105318412347,
        -0.290518628663619,
        -0.2906297654007104,
        -0.2906129131594577,
        -0.2909354768543282,
        -0.29092550497064584,
        -0.29057579325780347,
        -0.29006718879301197,
        -0.2903992543032903,
        -0.2904658125253823,
        -0.2902948641618357,
        -0.28997044594549193,
        -0.2900272742142622
    ],
    "temps": [
        1.0931060342539047,
        1.0910441235804245,
        1.0941939837441497,
        1.088107693216055,
        1.0940584296797415,
        1.0913207281079378,
        1.092695966124072,
        1.090350314122902,
        1.0911824912242547,
        1.088671592336763,
        1.0904893397875182,
        1.0862597665084683,
        1.0821976785146934,
        1.0941939837441497,
        1.09754293381559,
        1.0851107689958999,
        1.08668830325358,
        1.0871155782587427,
        1.0900718651443742,
        1.0984671965959871,
        1.0937869460481313,
        1.0909056248963216,
        1.0911824912242547,
        1.09296947216612,
        1.0845328323208618,
        1.0964795154172255,
        1.089792884058031,
        1.0924219491311944,
        1.0920099608656002,
        1.086116639086076,
        1.094734954408844,
        1.0924219491311944,
        1.0925590216315815,
        1.0910441235804245,
        1.091458834510697,
        1.089792884058031,
        1.0939227505350488,
        1.0935149599957024
    ],
    "times": [
        1666350005.649956,
        1666350102.098464,
        1666350198.547849,
        1666350295.006477,
        1666350391.453889,
        1666350487.899274,
        1666350584.349664,
        1666350680.799831,
        1666350777.248241,
        1666350873.724125,
        1666350970.188681,
        1666351066.640513,
        1666351163.095084,
        1666351259.545745,
        1666351356.00046,
        1666351452.506804,
        1666351548.991301,
        1666351645.442707,
        1666351741.889649,
        1666351838.336985,
        1666351934.784456,
        1666352031.23502,
        1666352127.687799,
        1666352224.137544,
        1666352320.589424,
        1666352417.039338,
        1666352513.49163,
        1666352609.943058,
        1666352706.389327,
        1666352802.837635,
        1666352899.291692,
        1666352995.743708,
        1666353092.198584,
        1666353188.646666,
        1666353285.105091,
        1666353381.558896,
        1666353478.016141,
        1666353574.471771
    ],
    "species": "Deuteron",
    "field": 5.0,
    "num": 38,
    "te_pol": 0.0014373148696725782,
    "te_pol_std": 4.617324667492216e-06,
    "cc": -0.004946197257734915,
    "cc_std": 1.6106448334607257e-05,
    "temp": 1.0911188569493302,
    "temp_std": 0.003500776823541513,
    "area": -0.29059004236848546,
    "area_std": 0.0002636988808680419
}