{
    "areas": [
        0.029989866225163198,
        0.03052682396260309,
        0.030357115901703757,
        0.03013107203575327,
        0.02996690791698775,
        0.030133337332461707,
        0.02988797508128105,
        0.03014271722905093,
        0.030164373319129467,
        0.030359621030169315,
        0.029887317466887886,
        0.029941887681884438,
        0.030254905596594384,
        0.03033940377146216,
        0.03061743436006914,
        0.03015367375595801,
        0.03059177456326978,
        0.030353817157894092,
        0.03045956132187566,
        0.030606819528176565,
        0.029958214078454226,
        0.030238377984376008,
        0.030491899321638094,
        0.03029324710030501,
        0.02999760346458835,
        0.03007065763943295,
        0.03037996976004198,
        0.030064133330689025,
        0.030216047237672683,
        0.030115775074283313,
        0.0301885761059415,
        0.03024763375734718,
        0.030226028870497856,
        0.030579840822889892,
        0.030041681689582767,
        0.03003724232652072,
        0.030369184222376333,
        0.03032220587197454,
        0.030631041590978292,
        0.030094517028789625,
        0.03025675876941314,
        0.03044053447973205,
        0.030233453421312007,
        0.02977607438572516,
        0.029769221942165913,
        0.030369516319939116,
        0.030365322951006135,
        0.030210828608780105,
        0.03036186655905393,
        0.030377219428138424,
        0.0302882791265473,
        0.030474505176956157,
        0.030227612315117725,
        0.030128268573687222,
        0.03028384574912213,
        0.03003136394231909,
        0.030078822742306777,
        0.029829723935618446,
        0.029972586973454618,
        0.029853082735898262,
        0.030513226821342165,
        0.030321136795677717,
        0.030220010619916415
    ],
    "temps": [
        1.0813121481790062,
        1.0821976785146934,
        1.0836615716276055,
        1.0855427118079535,
        1.0859733702205798,
        1.0833699793449776,
        1.0842429954680641,
        1.0826384094450157,
        1.078923696997629,
        1.0814601155925965,
        1.081164028338966,
        1.080867329968612,
        1.0817555945441213,
        1.0829314829524703,
        1.0842429954680641,
        1.085686406898325,
        1.0842429954680641,
        1.084387986542594,
        1.083515849127237,
        1.083515849127237,
        1.0836615716276055,
        1.084387986542594,
        1.083515849127237,
        1.083807147179821,
        1.083807147179821,
        1.08249164889922,
        1.0816079309309607,
        1.0827850206825664,
        1.0817555945441213,
        1.0830777965941698,
        1.0829314829524703,
        1.0829314829524703,
        1.081903106780904,
        1.086116639086076,
        1.0852548931767383,
        1.0814601155925965,
        1.08249164889922,
        1.0827850206825664,
        1.0829314829524703,
        1.0826384094450157,
        1.08249164889922,
        1.0832239619459567,
        1.0872577243182222,
        1.0862597665084683,
        1.086116639086076,
        1.084966501143123,
        1.0826384094450157,
        1.081164028338966,
        1.0807187507298008,
        1.0826384094450157,
        1.0839525761164945,
        1.0821976785146934,
        1.0829314829524703,
        1.084966501143123,
        1.0839525761164945,
        1.084387986542594,
        1.083807147179821,
        1.0862597665084683,
        1.084387986542594,
        1.0858299595967555,
        1.0851107689958999,
        1.08668830325358,
        1.0846775331299192
    ],
    "times": [
        1660135130.303759,
        1660135226.753997,
        1660135323.201059,
        1660135419.728809,
        1660135516.194816,
        1660135612.649224,
        1660135709.097415,
        1660135805.544999,
        1660135901.99566,
        1660135998.446889,
        1660136094.98321,
        1660136191.453269,
        1660136287.90067,
        1660136384.417656,
        1660136480.88277,
        1660136577.335672,
        1660136673.783229,
        1660136770.230935,
        1660136866.687709,
        1660136963.134962,
        1660137059.590136,
        1660137156.043469,
        1660137252.508244,
        1660137348.964458,
        1660137445.418641,
        1660137541.869652,
        1660137638.323185,
        1660137734.773757,
        1660137831.230397,
        1660137927.686287,
        1660138024.134764,
        1660138120.582171,
        1660138217.031173,
        1660138313.480199,
        1660138409.928601,
        1660138506.384551,
        1660138602.837197,
        1660138699.290897,
        1660138795.74111,
        1660138892.198524,
        1660138988.72393,
        1660139085.185055,
        1660139181.645983,
        1660139278.093326,
        1660139374.549626,
        1660139471.001004,
        1660139567.455357,
        1660139663.907936,
        1660139760.355946,
        1660139856.821716,
        1660139953.303406,
        1660140049.76645,
        1660140146.220883,
        1660140242.696651,
        1660140339.162033,
        1660140435.61083,
        1660140532.060338,
        1660140628.512441,
        1660140724.967609,
        1660140821.416748,
        1660140917.866636,
        1660141014.319049,
        1660141110.766971
    ],
    "species": "Deuteron",
    "field": 5.0,
    "num": 63,
    "te_pol": 0.0014474079906175027,
    "te_pol_std": 2.22505139936154e-06,
    "cc": 0.04789923073117779,
    "cc_std": 0.0003391456921516659,
    "temp": 1.083501607585956,
    "temp_std": 0.0016657036780888673,
    "area": 0.030219262617301366,
    "area_std": 0.0002155984983535635
}