{
    "areas": [
        0.22830658171548612,
        0.229033487818312,
        0.2287451256161983,
        0.22852794531155896,
        0.22877130439712579,
        0.22843753737951822,
        0.22818678126512904,
        0.2275613916678323,
        0.22781389059901191,
        0.22786929706075054,
        0.2278228502171269,
        0.2285038552786589,
        0.22837892954262373,
        0.2282423884889515,
        0.22785031392390276,
        0.22821887408315278,
        0.22809448703337476,
        0.22820899839513986,
        0.2274692794040758,
        0.22771576714451602,
        0.22756017224266012,
        0.2277071849086616,
        0.22685888604183435,
        0.22715990606392844,
        0.22731158206514768,
        0.22737542636027008,
        0.22720964364104912,
        0.22763502874912778,
        0.22742132022413064,
        0.22764675980917493,
        0.22784157026344842,
        0.2278077080758112,
        0.2286562898416682,
        0.22890464714229442,
        0.22862506027699747,
        0.22835966246853467,
        0.22830070376270117,
        0.22825340758715384,
        0.22832453673226993,
        0.22780305693500402,
        0.2277970171788557,
        0.22736907775948834,
        0.2282667297748593,
        0.2282318363071043,
        0.22861745318567728,
        0.2282559092322558,
        0.22777372075026525,
        0.22801386042027194,
        0.2282766392403568,
        0.22759968100763683,
        0.22743537097949407,
        0.2267495596280955,
        0.22647637653010477,
        0.2272358384327946,
        0.22764238863170094,
        0.22782134393293774,
        0.22754809694491573,
        0.2271231283795574,
        0.2271460064249884,
        0.22760721710879017,
        0.22748719222721814,
        0.22732968010819055,
        0.22702674581701565
    ],
    "temps": [
        1.0752645783824164,
        1.0780176661339214,
        1.075110059035182,
        1.0814601155925965,
        1.0813121481790062,
        1.0839525761164945,
        1.0842429954680641,
        1.0757271329051326,
        1.08249164889922,
        1.0755731149143481,
        1.0755731149143481,
        1.0766477621658246,
        1.081903106780904,
        1.081164028338966,
        1.083807147179821,
        1.0830777965941698,
        1.0814601155925965,
        1.0845328323208618,
        1.0816079309309607,
        1.0840978587691181,
        1.0816079309309607,
        1.0836615716276055,
        1.0799735397193369,
        1.0826384094450157,
        1.0832239619459567,
        1.0801228917608112,
        1.0799735397193369,
        1.0798240320355093,
        1.0743349352353226,
        1.0801228917608112,
        1.0804211303645155,
        1.0702345971518115,
        1.0775624894724969,
        1.0757271329051326,
        1.0827850206825664,
        1.074490298299804,
        1.0752645783824164,
        1.0839525761164945,
        1.083807147179821,
        1.0840978587691181,
        1.0796743683458099,
        1.0790741462137303,
        1.0772582309368457,
        1.0810157557200484,
        1.0766477621658246,
        1.081164028338966,
        1.0804211303645155,
        1.0708731977841994,
        1.0778661015555175,
        1.0865455982796066,
        1.0842429954680641,
        1.0833699793449776,
        1.0827850206825664,
        1.0721418145888193,
        1.0726146313782428,
        1.0799735397193369,
        1.0777143761289254,
        1.0804211303645155,
        1.081164028338966,
        1.0749553717606577,
        1.0816079309309607,
        1.0821976785146934,
        1.0726146313782428
    ],
    "times": [
        1663931965.266998,
        1663932061.714019,
        1663932158.160624,
        1663932254.617211,
        1663932351.067705,
        1663932447.520416,
        1663932543.967302,
        1663932640.424381,
        1663932736.878948,
        1663932833.325068,
        1663932929.772571,
        1663933026.222754,
        1663933122.669353,
        1663933219.119557,
        1663933315.566115,
        1663933412.017859,
        1663933508.465017,
        1663933604.914436,
        1663933701.36769,
        1663933797.819663,
        1663933894.268295,
        1663933990.726132,
        1663934087.273394,
        1663934183.741452,
        1663934280.193875,
        1663934376.644806,
        1663934473.091737,
        1663934569.537553,
        1663934665.983714,
        1663934762.432614,
        1663934858.881925,
        1663934955.333547,
        1663935051.780375,
        1663935148.267986,
        1663935244.720044,
        1663935341.178518,
        1663935437.629411,
        1663935534.084869,
        1663935630.536222,
        1663935726.986725,
        1663935823.433765,
        1663935919.879615,
        1663936016.333342,
        1663936112.784257,
        1663936209.2366,
        1663936305.71755,
        1663936402.182698,
        1663936498.632124,
        1663936595.078145,
        1663936691.52939,
        1663936787.980953,
        1663936884.443186,
        1663936980.889525,
        1663937077.342643,
        1663937173.791658,
        1663937270.24207,
        1663937366.68905,
        1663937463.136727,
        1663937559.585941,
        1663937656.048098,
        1663937752.497267,
        1663937848.948678,
        1663937945.399351
    ],
    "species": "Deuteron",
    "field": 5.0,
    "num": 63,
    "te_pol": 0.0014526024811019201,
    "te_pol_std": 5.148649664318879e-06,
    "cc": 0.006374933589382482,
    "cc_std": 2.6157082748448505e-05,
    "temp": 1.0796379954130606,
    "temp_std": 0.003818565410456759,
    "area": 0.22786273824661732,
    "area_std": 0.0005507403727689343
}