{
    "areas": [
        0.10467692957203623,
        0.10463000697394564,
        0.10506049297730868,
        0.10483502804545841,
        0.10496926596436618,
        0.10490409551813018,
        0.10490088693200228,
        0.10460069404918526,
        0.10491506371565507,
        0.1050811667621172,
        0.10494117169803374,
        0.10461657999701268
    ],
    "temps": [
        1.0628433998620823,
        1.0650188878207945,
        1.064186156488247,
        1.0683012791174666,
        1.071191419705843,
        1.0646863887898073,
        1.065516162856153,
        1.065516162856153,
        1.0716674146291227,
        1.0715089274589396,
        1.0656815302967126,
        1.065350600300681
    ],
    "times": [
        1675819921.153957,
        1675820017.601547,
        1675820114.050708,
        1675820210.502308,
        1675820306.949401,
        1675820403.39701,
        1675820499.843935,
        1675820596.294361,
        1675820692.750262,
        1675820789.20254,
        1675820885.651714,
        1675820982.105715
    ],
    "species": "Deuteron",
    "field": 5.0,
    "num": 12,
    "te_pol": 0.001470091128202111,
    "te_pol_std": 4.052780707428675e-06,
    "cc": 0.014021726266895171,
    "cc_std": 5.290138241568315e-05,
    "temp": 1.0667890275151668,
    "temp_std": 0.0029464310239840706,
    "area": 0.10484428185043763,
    "area_std": 0.00016453255966321134
}