{
    "areas": [
        -0.3007961465017954,
        -0.3005904582453254,
        -0.3006762061277175,
        -0.3002173559828485,
        -0.3010816385605115,
        -0.30036155777727225,
        -0.300726931548275,
        -0.30065947355898026,
        -0.29994937171207514,
        -0.2997760787626642,
        -0.30006617409479297,
        -0.3005540482291713,
        -0.30039123132499856,
        -0.30007466107654057,
        -0.30027847546530717,
        -0.30084132913478934,
        -0.3006716094162325,
        -0.3003118419807884,
        -0.3001403942642078,
        -0.3002236196082868,
        -0.300508072433209,
        -0.3010904994067789,
        -0.3010559031819975,
        -0.3010106307298088,
        -0.300326526704525,
        -0.30083847403832054,
        -0.3000139157668207,
        -0.3005669749945372,
        -0.30008784873696737,
        -0.3005939374377806,
        -0.30020823134275987,
        -0.30083353233538523,
        -0.30064249577159985,
        -0.30121458010581925,
        -0.3006061418235304,
        -0.3002690418755689,
        -0.30041979126039475,
        -0.3004114931923212,
        -0.3003000530076796,
        -0.3003099560997007,
        -0.2998906971472053,
        -0.3001101748491246,
        -0.29994578013688544,
        -0.2995237826016526,
        -0.2994229232011252,
        -0.29992383428556524,
        -0.30012440375926897,
        -0.3004911141290034,
        -0.3003667194978843,
        -0.29990373951071114,
        -0.29973424871928955,
        -0.2998422493325099,
        -0.2993903802758713,
        -0.2997984442669397,
        -0.29934309610623444,
        -0.2996457430008259,
        -0.29967016827682524,
        -0.2994599680857435,
        -0.29910253626380423,
        -0.29964654523324574,
        -0.30013799522718854,
        -0.2998931042698283,
        -0.3004002018332905,
        -0.3003350404215017,
        -0.30050325442454806,
        -0.3011169691011639,
        -0.3010446879890456,
        -0.30034512442861394,
        -0.30077807417986624,
        -0.3012606420835273,
        -0.30113627185215064,
        -0.30095925863016015,
        -0.30122183585092155,
        -0.3012412767787944,
        -0.30102797273823034,
        -0.30120349804413316
    ],
    "temps": [
        1.0952739445304216,
        1.0909056248963216,
        1.0893734096831984,
        1.0928327828790707,
        1.088248872954612,
        1.094734954408844,
        1.0971450477223386,
        1.0999080689003895,
        1.0928327828790707,
        1.0955427020119655,
        1.096212460691411,
        1.0892333163325845,
        1.0936510159562176,
        1.092695966124072,
        1.0944647176757383,
        1.0900718651443742,
        1.0935149599957024,
        1.097675325089563,
        1.0904893397875182,
        1.0869732929336324,
        1.0879663763394691,
        1.0889527250410944,
        1.0883899158550976,
        1.0941939837441497,
        1.0958109704813808,
        1.0935149599957024,
        1.0960787519533355,
        1.0944647176757383,
        1.0924219491311944,
        1.0960787519533355,
        1.0879663763394691,
        1.0871155782587427,
        1.08668830325358,
        1.0924219491311944,
        1.0939227505350488,
        1.0936510159562176,
        1.0968791943432867,
        1.0974104239908355,
        1.0899324412583016,
        1.0925590216315815,
        1.0944647176757383,
        1.0951393817770565,
        1.0967460881275095,
        1.09296947216612,
        1.0920099608656002,
        1.0888122265129516,
        1.0826384094450157,
        1.0928327828790707,
        1.0945998980626743,
        1.098861551246755,
        1.0950046960094144,
        1.0966128619008253,
        1.0955427020119655,
        1.094734954408844,
        1.094734954408844,
        1.0922847483516405,
        1.0918723736122133,
        1.0955427020119655,
        1.0950046960094144,
        1.0873997314190345,
        1.0862597665084683,
        1.0888122265129516,
        1.0878249220239105,
        1.0879663763394691,
        1.0879663763394691,
        1.089792884058031,
        1.0931060342539047,
        1.0937869460481313,
        1.0935149599957024,
        1.0940584296797415,
        1.0931060342539047,
        1.0932424694102534,
        1.0951393817770565,
        1.0932424694102534,
        1.09296947216612,
        1.0892333163325845
    ],
    "times": [
        1663801839.68857,
        1663801936.134115,
        1663802032.617908,
        1663802129.072334,
        1663802225.527371,
        1663802321.984634,
        1663802418.442098,
        1663802514.889146,
        1663802611.339176,
        1663802707.786223,
        1663802804.236109,
        1663802900.684374,
        1663802997.136524,
        1663803093.598057,
        1663803190.046404,
        1663803286.501769,
        1663803382.951461,
        1663803479.402521,
        1663803575.850259,
        1663803672.296678,
        1663803768.759677,
        1663803865.208549,
        1663803961.657202,
        1663804058.111355,
        1663804154.562594,
        1663804251.014346,
        1663804347.459976,
        1663804443.909974,
        1663804540.355525,
        1663804636.801429,
        1663804733.247094,
        1663804829.695797,
        1663804926.154901,
        1663805022.622913,
        1663805119.077771,
        1663805215.526932,
        1663805311.985318,
        1663805408.43572,
        1663805504.890193,
        1663805601.341393,
        1663805697.794332,
        1663805794.248797,
        1663805890.698864,
        1663805987.152905,
        1663806083.618786,
        1663806180.068873,
        1663806276.519324,
        1663806372.969046,
        1663806469.417245,
        1663806565.863511,
        1663806662.313734,
        1663806758.763875,
        1663806855.210652,
        1663806951.659244,
        1663807048.108539,
        1663807144.557474,
        1663807241.005854,
        1663807337.453107,
        1663807433.898934,
        1663807530.355835,
        1663807626.802454,
        1663807723.248689,
        1663807819.694376,
        1663807916.146785,
        1663808012.593975,
        1663808109.04137,
        1663808205.524006,
        1663808301.987326,
        1663808398.435162,
        1663808494.881796,
        1663808591.33654,
        1663808687.802138,
        1663808784.256288,
        1663808880.701961,
        1663808977.158906,
        1663809073.613464
    ],
    "species": "Deuteron",
    "field": 5.0,
    "num": 76,
    "te_pol": 0.001435392604322447,
    "te_pol_std": 4.463069824320393e-06,
    "cc": -0.004778859512039271,
    "cc_std": 1.5880894155483793e-05,
    "temp": 1.0925793629141896,
    "temp_std": 0.0033924579177359647,
    "area": -0.30036366394935216,
    "area_std": 0.0005212152154864002
}