{
    "areas": [
        -0.02803196781664774,
        -0.028595189754730965,
        -0.028103674034308135,
        -0.027392533744714065,
        -0.028080419465918105,
        -0.0276210652868496,
        -0.028534773159356597,
        -0.028008710379201496,
        -0.027992253766097264,
        -0.027892688651587783,
        -0.02840039577702047,
        -0.028542672636272748,
        -0.028229863684573253,
        -0.027603060901866705,
        -0.028089343073248063,
        -0.028534198682832468,
        -0.027582206898654427
    ],
    "temps": [
        1.0859733702205798,
        1.0858299595967555,
        1.0855427118079535,
        1.0858299595967555,
        1.084966501143123,
        1.0855427118079535,
        1.0855427118079535,
        1.085686406898325,
        1.0851107689958999,
        1.085398874007245,
        1.0845328323208618,
        1.0858299595967555,
        1.0845328323208618,
        1.0864027528019342,
        1.0851107689958999,
        1.0842429954680641,
        1.0871155782587427
    ],
    "times": [
        1658682247.02641,
        1658682343.487009,
        1658682439.944857,
        1658682536.394802,
        1658682632.907147,
        1658682729.371574,
        1658682825.821258,
        1658682922.276724,
        1658683018.725714,
        1658683115.180649,
        1658683211.629658,
        1658683308.089813,
        1658683404.562997,
        1658683501.021872,
        1658683597.479699,
        1658683693.949916,
        1658683790.400494
    ],
    "species": "Deuteron",
    "field": 5.0,
    "num": 17,
    "te_pol": 0.0014447646382898358,
    "te_pol_std": 9.162566110823911e-07,
    "cc": -0.05147356615236103,
    "cc_std": 0.0006490480743336624,
    "temp": 1.085481864449745,
    "temp_std": 0.0006885244384669548,
    "area": -0.028072648100816465,
    "area_std": 0.0003618674776057115
}