{
    "areas": [
        -0.22695862410965395,
        -0.2265340899196837,
        -0.11843059876997453,
        -0.12146587759745597,
        -0.2289411579563181,
        -0.22904948850380036,
        -0.12073779625139847,
        -0.1223467097913089,
        -0.22978753092471038,
        -0.23048273896151583,
        -0.12253436885177882
    ],
    "temps": [
        1e-09,
        1e-09,
        1e-09,
        1e-09,
        1e-09,
        1e-09,
        1e-09,
        1e-09,
        1e-09,
        1e-09,
        1e-09
    ],
    "times": [
        1680236571.952821,
        1680236592.276258,
        1680236624.967587,
        1680236657.249721,
        1680236677.623532,
        1680236697.938392,
        1680236730.293931,
        1680236762.595763,
        1680236782.97127,
        1680236803.283709,
        1680236835.807107
    ],
    "species": "Proton",
    "field": 5.0,
    "num": 11,
    "te_pol": 1.0,
    "te_pol_std": 0.0,
    "cc": -6.139837574130521,
    "cc_std": 1.9355652082600017,
    "temp": 1.0000000000000003e-09,
    "temp_std": 2.0679515313825692e-25,
    "area": -0.1797517256034181,
    "area_std": 0.053558374589843444
}