{
    "areas": [
        -0.12072285762015,
        -0.2326272747748641,
        -0.233183492497389,
        -0.12496977162425038,
        -0.12515141119459994,
        -0.23425772327046834,
        -0.23527600872034737,
        -0.12545433432629816,
        -0.12411086521369086,
        -0.23524895440878213,
        -0.23673731437292833,
        -0.12352389613786618
    ],
    "temps": [
        1e-09,
        1e-09,
        1e-09,
        1e-09,
        1e-09,
        1e-09,
        1e-09,
        1e-09,
        1e-09,
        1e-09,
        1e-09,
        1e-09
    ],
    "times": [
        1680281821.198974,
        1680281841.578537,
        1680281861.89215,
        1680281894.392815,
        1680281926.728134,
        1680281947.11061,
        1680281967.420889,
        1680281999.899441,
        1680282032.340703,
        1680282052.721276,
        1680282073.046573,
        1680282106.082897
    ],
    "species": "Proton",
    "field": 5.0,
    "num": 12,
    "te_pol": 1.0,
    "te_pol_std": 0.0,
    "cc": -6.165071577046942,
    "cc_std": 1.903085736136906,
    "temp": 1.0000000000000003e-09,
    "temp_std": 2.0679515313825692e-25,
    "area": -0.17927199201346958,
    "area_std": 0.05530333785369433
}