{
    "areas": [
        -0.0018463115053046764,
        -0.001823133296858792,
        -0.0017484719894016454,
        -0.0016768777258664436,
        -0.0017805181294807682,
        -0.0018942002154709314,
        -0.0018351384811461369,
        -0.0018817078297308498,
        -0.00173872610032344,
        -0.0017651011989161525,
        -0.0018673536624049802,
        -0.001732349167363978,
        -0.0017218375148591036,
        -0.0017690616803598402,
        -0.0018382245324453095,
        -0.0017484013918922514,
        -0.0018744052986265913,
        -0.0018566815172524898,
        -0.0018036108217289737,
        -0.0019148108976070333
    ],
    "temps": [
        1.5190418298895085,
        1.519124689559272,
        1.518627157042724,
        1.5176127244723672,
        1.5166948511037004,
        1.5159918572260065,
        1.5159918572260065,
        1.5161426504890687,
        1.516878671358508,
        1.5177293250435084,
        1.5179956550574827,
        1.5183614381451442,
        1.5185441474494983,
        1.5186105571271815,
        1.5184777217401522,
        1.5184611128067986,
        1.5185773542917267,
        1.5179457378282961,
        1.5178292290371782,
        1.5200510190663088
    ],
    "times": [
        1666130528.932917,
        1666130608.165814,
        1666130687.378973,
        1666130766.590038,
        1666130845.806578,
        1666130925.030005,
        1666131004.27563,
        1666131083.531166,
        1666131162.852088,
        1666131242.078556,
        1666131321.294696,
        1666131400.507074,
        1666131479.725636,
        1666131558.937074,
        1666131638.255273,
        1666131717.466749,
        1666131796.684705,
        1666131875.899786,
        1666131955.126273,
        1666132034.341069
    ],
    "species": "Proton",
    "field": 5.0,
    "num": 20,
    "te_pol": 0.003365190362019982,
    "te_pol_std": 2.3867839689235264e-06,
    "cc": -1.8659197520677497,
    "cc_std": 0.06746100059704595,
    "temp": 1.5179344792980218,
    "temp_std": 0.001076321604076973,
    "area": -0.0018058461478520193,
    "area_std": 6.488215033089275e-05
}