{
    "areas": [
        -0.10942120693311397,
        -0.11001052360525798,
        -0.21104427063647924,
        -0.21124967962175756,
        -0.11125518667721734,
        -0.11155363256367878,
        -0.21324327051131498,
        -0.21370404819264577,
        -0.11161088093813687,
        -0.11417177180326665,
        -0.2156029842360847,
        -0.2161277745128598,
        -0.11418198931321477,
        -0.11440888936377736,
        -0.21810851975496082,
        -0.2185590533941899,
        -0.11396891154046718,
        -0.11462880170139411,
        -0.22022685003248732,
        -0.2206303206006952,
        -0.11758243868384866,
        -0.11729631686372688,
        -0.22193513302201584,
        -0.22218328310835433,
        -0.11780981900972387,
        -0.11831008920699859,
        -0.22347303739200974,
        -0.22447846837222007,
        -0.11827949306170438,
        -0.11844911214480391,
        -0.2253030121570765,
        -0.22549919901152693,
        -0.11905406968909515,
        -0.12028613070512062,
        -0.22695862410965395,
        -0.2265340899196837,
        -0.11843059876997453,
        -0.12146587759745597,
        -0.2289411579563181,
        -0.22904948850380036,
        -0.12073779625139847
    ],
    "temps": [
        1e-09,
        1e-09,
        1e-09,
        1e-09,
        1e-09,
        1e-09,
        1e-09,
        1e-09,
        1e-09,
        1e-09,
        1e-09,
        1e-09,
        1e-09,
        1e-09,
        1e-09,
        1e-09,
        1e-09,
        1e-09,
        1e-09,
        1e-09,
        1e-09,
        1e-09,
        1e-09,
        1e-09,
        1e-09,
        1e-09,
        1e-09,
        1e-09,
        1e-09,
        1e-09,
        1e-09,
        1e-09,
        1e-09,
        1e-09,
        1e-09,
        1e-09,
        1e-09,
        1e-09,
        1e-09,
        1e-09,
        1e-09
    ],
    "times": [
        1680235672.405419,
        1680235704.792086,
        1680235725.169959,
        1680235745.4844,
        1680235778.019752,
        1680235810.646232,
        1680235831.030087,
        1680235851.34924,
        1680235884.136382,
        1680235916.67836,
        1680235937.060848,
        1680235957.384262,
        1680235990.199631,
        1680236022.545701,
        1680236042.93107,
        1680236063.244801,
        1680236095.963025,
        1680236128.275627,
        1680236148.683378,
        1680236168.997939,
        1680236201.529632,
        1680236234.016003,
        1680236254.399012,
        1680236274.719932,
        1680236307.821023,
        1680236340.061983,
        1680236360.470634,
        1680236380.889169,
        1680236413.470921,
        1680236446.029405,
        1680236466.42471,
        1680236486.73947,
        1680236519.219486,
        1680236551.54188,
        1680236571.952821,
        1680236592.276258,
        1680236624.967587,
        1680236657.249721,
        1680236677.623532,
        1680236697.938392,
        1680236730.293931
    ],
    "species": "Proton",
    "field": 5.0,
    "num": 41,
    "te_pol": 1.0,
    "te_pol_std": 0.0,
    "cc": -6.637548453155487,
    "cc_std": 2.062230565262651,
    "temp": 1e-09,
    "temp_std": 0.0,
    "area": -0.16696989759681732,
    "area_std": 0.05258636851432376
}