{
    "areas": [
        -0.0020987964876590937,
        -0.002055381311644844,
        -0.002144891313050401,
        -0.002108689847482914,
        -0.002051367817174299,
        -0.002104982376192499,
        -0.002108545131792816,
        -0.0020608697516504293,
        -0.002112211089364102,
        -0.0020884271695695844
    ],
    "temps": [
        1.509376306031432,
        1.509101440714824,
        1.5092904404706684,
        1.5093076157524867,
        1.509444978960797,
        1.509444978960797,
        1.509376306031432,
        1.5092732641036937,
        1.5089982945189861,
        1.5089467067365097
    ],
    "times": [
        1663195222.367202,
        1663195301.576808,
        1663195380.785442,
        1663195459.994255,
        1663195539.203966,
        1663195618.412527,
        1663195697.621362,
        1663195776.83156,
        1663195856.03901,
        1663195935.250743
    ],
    "field": 5.0,
    "species": "Proton",
    "num": 10,
    "te_pol": 0.0033845388994888773,
    "te_pol_std": 3.822326230231903e-07,
    "cc": -1.6170467448869696,
    "cc_std": 0.02177545072017499,
    "temp": 1.5092560332281626,
    "temp_std": 0.00017043607547254368,
    "area": -0.002093416229558098,
    "area_std": 2.8154411548883438e-05
}