{
    "areas": [
        -0.11647491444825375,
        -0.11635780237143445,
        -0.11641038861850639,
        -0.1165210072493208,
        -0.11635424795141658,
        -0.11625816449280002,
        -0.11646225995371218,
        -0.11649135398966948,
        -0.11636255956635866,
        -0.11644880116933898,
        -0.11639333069152435,
        -0.11646067197651178,
        -0.11648203633508558,
        -0.11641550695235425,
        -0.1163265748809672
    ],
    "temps": [
        1.0687870987894517,
        1.0715089274589396,
        1.0713502626316913,
        1.0710323982382592,
        1.0707138178973112,
        1.0699142112343267,
        1.0724572009668256,
        1.0715089274589396,
        1.071191419705843,
        1.0700744950375833,
        1.0735555619877248,
        1.0687870987894517,
        1.0708731977841994,
        1.0699142112343267,
        1.0713502626316913
    ],
    "times": [
        1677793592.12577,
        1677793688.576038,
        1677793785.022029,
        1677793881.472416,
        1677793977.939571,
        1677794074.392841,
        1677794170.853634,
        1677794267.299076,
        1677794363.750544,
        1677794460.209216,
        1677794556.655062,
        1677794653.100814,
        1677794749.54609,
        1677794845.995346,
        1677794942.440993
    ],
    "field": 5.0,
    "species": "Deuteron",
    "num": 15,
    "te_pol": 0.0009763219086093531,
    "te_pol_std": 1.111460557387175e-06,
    "cc": -0.008386592915342854,
    "cc_std": 1.0428081228800901e-05,
    "temp": 1.0708679394564375,
    "temp_std": 0.0012192916432122829,
    "area": -0.11641464137648364,
    "area_std": 6.987175895569352e-05
}