{
    "areas": [
        -0.12205074650316683,
        -0.12184015005594317,
        -0.12151097840001268,
        -0.12202635257745453,
        -0.12204212979846174,
        -0.12159429608400307,
        -0.12195985444249724,
        -0.1217581950078338,
        -0.12155436009578324,
        -0.12189312870126912,
        -0.12174183055469406,
        -0.12215017700078112
    ],
    "temps": [
        1.0758809845808153,
        1.0769533228685266,
        1.076494736101321,
        1.0760346703408907,
        1.074023698767535,
        1.076800624291183,
        1.0771058582876163,
        1.0766477621658246,
        1.0786223235521324,
        1.0777143761289254,
        1.0778661015555175,
        1.0760346703408907
    ],
    "times": [
        1678955622.157875,
        1678955718.61053,
        1678955815.058416,
        1678955911.506547,
        1678956007.957343,
        1678956104.403753,
        1678956200.852749,
        1678956297.30085,
        1678956393.75584,
        1678956490.227328,
        1678956586.692201,
        1678956683.137739
    ],
    "field": 5.0,
    "species": "Deuteron",
    "num": 12,
    "te_pol": 0.0009710499551094754,
    "te_pol_std": 1.0117229500533932e-06,
    "cc": -0.007969662621659141,
    "cc_std": 1.1028283807956965e-05,
    "temp": 1.076681594081765,
    "temp_std": 0.0011211079587088249,
    "area": -0.12184351660182506,
    "area_std": 0.0002040816930202295
}