{
    "areas": [
        -0.0004911491364785192,
        -0.0006701710728052035,
        -0.0005504051352165362,
        -0.0004816565493142022,
        -0.0006031627380496118,
        -0.0005759809491889811
    ],
    "temps": [
        1.5799539282788062,
        1.5643145815052086,
        1.5542237011756055,
        1.5424738367478472,
        1.5287638278454174,
        1.5161426504890687
    ],
    "times": [
        1678473233.417761,
        1678473253.231263,
        1678473273.045361,
        1678473292.855641,
        1678473312.667254,
        1678473332.478599
    ],
    "field": 5.0,
    "species": "Proton",
    "num": 6,
    "te_pol": 0.0033012154614659468,
    "te_pol_std": 4.559331259926179e-05,
    "cc": -5.948531839825654,
    "cc_std": 0.657878783800891,
    "temp": 1.5476454210069923,
    "temp_std": 0.021372329143850705,
    "area": -0.0005620875968421757,
    "area_std": 6.48075724944514e-05
}