{
    "areas": [
        0.02927212045543115,
        0.02960826394330507,
        0.029298474816287445,
        0.029813060940215408,
        0.02951988903286562,
        0.029857140718529962,
        0.029387150236463988,
        0.02945152195564127,
        0.02976184127057291,
        0.029245263660026666
    ],
    "temps": [
        1.0786223235521324,
        1.0786223235521324,
        1.07952454828546,
        1.0796743683458099,
        1.078923696997629,
        1.07952454828546,
        1.07952454828546,
        1.0790741462137303,
        1.078923696997629,
        1.0804211303645155
    ],
    "times": [
        1659206762.34605,
        1659206858.798078,
        1659206955.246276,
        1659207051.693988,
        1659207148.145886,
        1659207244.59261,
        1659207341.046735,
        1659207437.499117,
        1659207533.957709,
        1659207630.422284
    ],
    "field": 5.0,
    "species": "Deuteron",
    "num": 10,
    "te_pol": 0.0009687081292082541,
    "te_pol_std": 4.746567858914778e-07,
    "cc": 0.03281544322252523,
    "cc_std": 0.00023967154478892665,
    "temp": 1.0792835330879957,
    "temp_std": 0.0005289941139682741,
    "area": 0.029521472702933947,
    "area_std": 0.0002177477119862712
}